{
	"AFN": {
		"name": "afgani afganès"
	},
	"MGA": {
		"name": "ariary malgaix"
	},
	"THB": {
		"name": "baht tailandès",
		"symbol": "฿"
	},
	"PAB": {
		"name": "balboa panameny"
	},
	"ETB": {
		"name": "birr etíop"
	},
	"VES": {
		"name": "bolívar veneçolà"
	},
	"BOB": {
		"name": "bolivià"
	},
	"GHS": {
		"name": "cedi ghanès"
	},
	"CRC": {
		"name": "colon costa-riqueny"
	},
	"SVC": {
		"name": "colon salvadorenc"
	},
	"NIO": {
		"name": "córdoba nicaragüenc"
	},
	"DKK": {
		"name": "corona danesa"
	},
	"ISK": {
		"name": "corona islandesa"
	},
	"NOK": {
		"name": "corona noruega"
	},
	"SEK": {
		"name": "corona sueca"
	},
	"CZK": {
		"name": "corona txeca"
	},
	"GMD": {
		"name": "dalasi gambià"
	},
	"MKD": {
		"name": "denar macedoni"
	},
	"DZD": {
		"name": "dinar algerià"
	},
	"BHD": {
		"name": "dinar de Bahrain"
	},
	"IQD": {
		"name": "dinar iraquià"
	},
	"JOD": {
		"name": "dinar jordà"
	},
	"KWD": {
		"name": "dinar kuwaitià"
	},
	"LYD": {
		"name": "dinar libi"
	},
	"RSD": {
		"name": "dinar serbi"
	},
	"TND": {
		"name": "dinar tunisià"
	},
	"AED": {
		"name": "dírham de la UEA"
	},
	"MAD": {
		"name": "dírham marroquí"
	},
	"STN": {
		"name": "dobra de São Tomé i Príncipe"
	},
	"AUD": {
		"name": "dòlar australià",
		"symbol": "AU$"
	},
	"CAD": {
		"name": "dòlar canadenc"
	},
	"BBD": {
		"name": "dòlar de Barbados"
	},
	"BZD": {
		"name": "dòlar de Belize"
	},
	"BND": {
		"name": "dòlar de Brunei"
	},
	"GYD": {
		"name": "dòlar de Guyana"
	},
	"HKD": {
		"name": "dòlar de Hong Kong",
		"symbol": "HK$"
	},
	"BSD": {
		"name": "dòlar de les Bahames"
	},
	"BMD": {
		"name": "dòlar de les Bermudes"
	},
	"KYD": {
		"name": "dòlar de les illes Caiman"
	},
	"SBD": {
		"name": "dòlar de les illes Salomó"
	},
	"SGD": {
		"name": "dòlar de Singapur"
	},
	"SRD": {
		"name": "dòlar de Surinam"
	},
	"TTD": {
		"name": "dòlar de Trinitat i Tobago"
	},
	"XCD": {
		"name": "dòlar del Carib Oriental"
	},
	"USD": {
		"name": "dòlar dels Estats Units"
	},
	"FJD": {
		"name": "dòlar fijià"
	},
	"JMD": {
		"name": "dòlar jamaicà"
	},
	"LRD": {
		"name": "dòlar liberià"
	},
	"NAD": {
		"name": "dòlar namibià"
	},
	"NZD": {
		"name": "dòlar neozelandès",
		"symbol": "NZ$"
	},
	"ZWL": {
		"name": "dòlar zimbabuès (2009)"
	},
	"VND": {
		"name": "dong vietnamita",
		"symbol": "₫"
	},
	"AMD": {
		"name": "dram armeni"
	},
	"CVE": {
		"name": "escut de Cap Verd"
	},
	"EUR": {
		"name": "euro",
		"symbol": "€"
	},
	"AWG": {
		"name": "florí d’Aruba"
	},
	"ANG": {
		"name": "florí de les Antilles Neerlandeses"
	},
	"HUF": {
		"name": "fòrint hongarès"
	},
	"XOF": {
		"name": "franc CFA BCEAO",
		"symbol": "CFA"
	},
	"XAF": {
		"name": "franc CFA BEAC",
		"symbol": "FCFA"
	},
	"XPF": {
		"name": "franc CFP",
		"symbol": "CFPF"
	},
	"CDF": {
		"name": "franc congolès"
	},
	"BIF": {
		"name": "franc de Burundi"
	},
	"DJF": {
		"name": "franc de Djibouti"
	},
	"KMF": {
		"name": "franc de les Comores"
	},
	"RWF": {
		"name": "franc de Ruanda"
	},
	"GNF": {
		"name": "franc guineà"
	},
	"CHF": {
		"name": "franc suís"
	},
	"HTG": {
		"name": "gourde haitià"
	},
	"PYG": {
		"name": "guaraní paraguaià"
	},
	"UAH": {
		"name": "hrívnia ucraïnesa"
	},
	"JPY": {
		"name": "ien japonès",
		"symbol": "JP¥"
	},
	"CNY": {
		"name": "iuan xinès"
	},
	"PGK": {
		"name": "kina de Papua Nova Guinea"
	},
	"LAK": {
		"name": "kip laosià"
	},
	"HRK": {
		"name": "kuna croata"
	},
	"MWK": {
		"name": "kwacha malawià"
	},
	"ZMW": {
		"name": "kwacha zambià"
	},
	"AOA": {
		"name": "kwanza angolès"
	},
	"MMK": {
		"name": "kyat de Myanmar"
	},
	"GEL": {
		"name": "lari georgià"
	},
	"ALL": {
		"name": "lek albanès"
	},
	"HNL": {
		"name": "lempira hondurenya"
	},
	"SLL": {
		"name": "leone de Sierra Leone"
	},
	"MDL": {
		"name": "leu moldau"
	},
	"RON": {
		"name": "leu romanès"
	},
	"BGN": {
		"name": "lev búlgar"
	},
	"SZL": {
		"name": "lilangeni swazi"
	},
	"TRY": {
		"name": "lira turca"
	},
	"GIP": {
		"name": "lliura de Gibraltar"
	},
	"FKP": {
		"name": "lliura de les illes Malvines"
	},
	"SHP": {
		"name": "lliura de Santa Helena"
	},
	"SSP": {
		"name": "lliura del Sudan del Sud"
	},
	"EGP": {
		"name": "lliura egípcia"
	},
	"GBP": {
		"name": "lliura esterlina britànica",
		"symbol": "£"
	},
	"LBP": {
		"name": "lliura libanesa"
	},
	"SYP": {
		"name": "lliura síria"
	},
	"SDG": {
		"name": "lliura sudanesa"
	},
	"LSL": {
		"name": "loti de Lesotho"
	},
	"AZN": {
		"name": "manat azerbaidjanès"
	},
	"TMT": {
		"name": "manat turcman"
	},
	"BAM": {
		"name": "marc convertible de Bòsnia i Hercegovina"
	},
	"MZN": {
		"name": "metical moçambiquès"
	},
	"NGN": {
		"name": "naira nigerià"
	},
	"ERN": {
		"name": "nakfa eritreu"
	},
	"BTN": {
		"name": "ngultrum de Bhutan"
	},
	"TWD": {
		"name": "nou dòlar de Taiwan",
		"symbol": "NT$"
	},
	"ILS": {
		"name": "nou xéquel israelià",
		"symbol": "₪"
	},
	"MRU": {
		"name": "ouguiya maurità"
	},
	"TOP": {
		"name": "pa‘anga tongà"
	},
	"MOP": {
		"name": "pataca de Macau"
	},
	"ARS": {
		"name": "peso argentí"
	},
	"COP": {
		"name": "peso colombià"
	},
	"CUC": {
		"name": "peso convertible cubà"
	},
	"CUP": {
		"name": "peso cubà"
	},
	"DOP": {
		"name": "peso dominicà"
	},
	"PHP": {
		"name": "peso filipí"
	},
	"MXN": {
		"name": "peso mexicà"
	},
	"UYU": {
		"name": "peso uruguaià"
	},
	"CLP": {
		"name": "peso xilè"
	},
	"BWP": {
		"name": "pula de Botswana"
	},
	"GTQ": {
		"name": "quetzal guatemalenc"
	},
	"ZAR": {
		"name": "rand sud-africà"
	},
	"BRL": {
		"name": "real brasiler"
	},
	"QAR": {
		"name": "rial de Qatar"
	},
	"YER": {
		"name": "rial iemenita"
	},
	"IRR": {
		"name": "rial iranià"
	},
	"OMR": {
		"name": "rial omanita"
	},
	"SAR": {
		"name": "rial saudita"
	},
	"KHR": {
		"name": "riel cambodjà"
	},
	"MYR": {
		"name": "ringgit de Malàisia"
	},
	"BYN": {
		"name": "ruble bielorús"
	},
	"RUB": {
		"name": "ruble rus"
	},
	"MVR": {
		"name": "rupia de les Maldives"
	},
	"SCR": {
		"name": "rupia de les Seychelles"
	},
	"LKR": {
		"name": "rupia de Sri Lanka"
	},
	"INR": {
		"name": "rupia índia",
		"symbol": "₹"
	},
	"IDR": {
		"name": "rupia indonèsia"
	},
	"MUR": {
		"name": "rupia mauriciana"
	},
	"NPR": {
		"name": "rupia nepalesa"
	},
	"PKR": {
		"name": "rupia pakistanesa"
	},
	"PEN": {
		"name": "sol peruà"
	},
	"KGS": {
		"name": "som kirguís"
	},
	"UZS": {
		"name": "som uzbek"
	},
	"TJS": {
		"name": "somoni tadjik"
	},
	"BDT": {
		"name": "taka de Bangla Desh"
	},
	"WST": {
		"name": "tala samoà"
	},
	"KZT": {
		"name": "tenge kazakh"
	},
	"MNT": {
		"name": "tögrög mongol"
	},
	"UYW": {
		"name": "Uruguayan Nominal Wage Index Unit"
	},
	"VUV": {
		"name": "vatu de Vanuatu"
	},
	"KPW": {
		"name": "won nord-coreà"
	},
	"KRW": {
		"name": "won sud-coreà",
		"symbol": "₩"
	},
	"KES": {
		"name": "xíling kenyà"
	},
	"SOS": {
		"name": "xíling somali"
	},
	"TZS": {
		"name": "xíling tanzà"
	},
	"UGX": {
		"name": "xíling ugandès"
	},
	"PLN": {
		"name": "zloty polonès"
	}
}