{
	"AMD": {
		"name": "ᎠᎵᎻᏂᎠ ᎠᏕᎳ"
	},
	"ALL": {
		"name": "ᎠᎵᏇᏂᏯ ᎠᏕᎳ"
	},
	"DZD": {
		"name": "ᎠᎵᏥᎵᏯ ᎠᏕᎳ"
	},
	"AWG": {
		"name": "ᎠᎷᏆ ᎠᏕᎳ"
	},
	"AOA": {
		"name": "ᎠᏂᎪᎳ ᎠᏕᎳ"
	},
	"PHP": {
		"name": "ᎠᏂᏈᎵᎩᏃ ᎠᏕᎳ"
	},
	"AZN": {
		"name": "ᎠᏏᎵᏆᏌᏂ ᎠᏕᎳ"
	},
	"ARS": {
		"name": "ᎠᏥᏂᏘᏂᎠ ᎠᏕᎳ"
	},
	"AFN": {
		"name": "ᎠᏫᎨᏂᏍᏖᏂ ᎠᏕᎳ"
	},
	"XAF": {
		"name": "ᎠᏰᏟ ᎬᎿᎨᏍᏛ CFA ᎠᏕᎳ",
		"symbol": "FCFA"
	},
	"AUD": {
		"name": "ᎡᎳᏗᏜ ᎠᏕᎳ",
		"symbol": "A$"
	},
	"ERN": {
		"name": "ᎡᎵᏟᏯ ᎠᏕᎳ"
	},
	"CVE": {
		"name": "ᎢᎬᎾᏕᎾ ᎢᏤᏳᏍᏗ ᎠᏕᎳ"
	},
	"IQD": {
		"name": "ᎢᎳᎩ ᎠᏕᎳ"
	},
	"IRR": {
		"name": "ᎢᎴᏂ ᎠᏕᎳ"
	},
	"INR": {
		"name": "ᎢᏂᏗᎢᎠ ᎠᏕᎳ",
		"symbol": "₹"
	},
	"IDR": {
		"name": "ᎢᏂᏙᏂᏍᏯ ᎠᏕᎳ"
	},
	"ILS": {
		"name": "ᎢᏏᎵᏱ ᎢᏤ ᎠᏕᎳ",
		"symbol": "₪"
	},
	"ETB": {
		"name": "ᎢᏗᎣᏈᎠ ᎠᏕᎳ"
	},
	"NZD": {
		"name": "ᎢᏤ ᏏᎢᎴᏂᏗ ᎠᏕᎳ",
		"symbol": "NZ$"
	},
	"TWD": {
		"name": "ᎢᏤ ᏔᎢᏩᏂ ᎠᏕᎳ",
		"symbol": "NT$"
	},
	"EGP": {
		"name": "ᎢᏥᏈᎢ ᎠᏕᎳ"
	},
	"OMR": {
		"name": "ᎣᎺᏂ ᎠᏕᎳ"
	},
	"UZS": {
		"name": "ᎤᏍᏇᎩᏍᏖᏂ ᎠᏕᎳ"
	},
	"SHP": {
		"name": "ᎤᏓᏅᏘ ᎮᎵᎾ ᎠᏕᎳ"
	},
	"GHS": {
		"name": "ᎦᎠᎾ ᎠᏕᎳ"
	},
	"GMD": {
		"name": "ᎦᎹᏈᎢᎠ ᎠᏕᎳ"
	},
	"GYD": {
		"name": "ᎦᏯᎾ ᎠᏕᎳ"
	},
	"HRK": {
		"name": "ᎧᎶᎡᏏᎠ ᎠᏕᎳ"
	},
	"KHR": {
		"name": "ᎧᎹᏉᏗᎠᏂ ᎠᏕᎳ"
	},
	"CDF": {
		"name": "ᎧᏂᎪ ᎠᏕᎳ"
	},
	"KZT": {
		"name": "ᎧᏎᎧᏍᏕᏂ ᎠᏕᎳ"
	},
	"QAR": {
		"name": "ᎧᏔᎵ ᎠᏕᎳ"
	},
	"KYD": {
		"name": "ᎨᎢᎹᏂ ᏚᎦᏚᏛᎢ ᎠᏕᎳ"
	},
	"CAD": {
		"name": "ᎨᎾᏓ ᎠᏕᎳ",
		"symbol": "CA$"
	},
	"KES": {
		"name": "ᎨᏂᏯ ᎠᏕᎳ"
	},
	"GNF": {
		"name": "ᎩᎢᏂ ᎠᏕᎳ"
	},
	"GBP": {
		"name": "ᎩᎵᏏᏲ ᎠᏕᎳ",
		"symbol": "£"
	},
	"KGS": {
		"name": "ᎩᎵᏣᎢᏍ ᎠᏕᎳ"
	},
	"COP": {
		"name": "ᎪᎸᎻᏈᎢᎠ ᎠᏕᎳ"
	},
	"KMF": {
		"name": "ᎪᎼᎳᏍ ᎠᏕᎳ"
	},
	"CRC": {
		"name": "ᎪᏍᏓᎵᎧ ᎠᏕᎳ"
	},
	"CUP": {
		"name": "ᎫᏆ ᎠᏕᎳ"
	},
	"CUC": {
		"name": "ᎫᏆ ᎦᏁᏟᏴᏍᏔᏅ ᎠᏕᎳ"
	},
	"KWD": {
		"name": "ᎫᏪᎢᏘ ᎠᏕᎳ"
	},
	"TRY": {
		"name": "ᎬᏃ ᎠᏕᎳ"
	},
	"HNL": {
		"name": "ᎭᏂᏚᎳᏍ ᎠᏕᎳ"
	},
	"HTG": {
		"name": "ᎮᏘ ᎠᏕᎳ"
	},
	"HKD": {
		"name": "ᎰᏂᎩ ᎪᏂᎩ ᎠᏕᎳ",
		"symbol": "HK$"
	},
	"HUF": {
		"name": "ᎲᏂᎦᎵ ᎠᏕᎳ"
	},
	"LAK": {
		"name": "ᎳᎣ ᎠᏕᎳ"
	},
	"LRD": {
		"name": "ᎳᏈᎵᏯ ᎠᏕᎳ"
	},
	"LBP": {
		"name": "ᎴᏆᎾᏂ ᎠᏕᎳ"
	},
	"LYD": {
		"name": "ᎵᏈᏯ ᎠᏕᎳ"
	},
	"RON": {
		"name": "ᎶᎹᏂᏯ ᎠᏕᎳ"
	},
	"RWF": {
		"name": "ᎶᏩᏂᏓ ᎠᏕᎳ"
	},
	"MOP": {
		"name": "ᎹᎧᎣ ᎠᏕᎳ"
	},
	"MGA": {
		"name": "ᎹᎳᎦᏏ ᎠᏕᎳ"
	},
	"MWK": {
		"name": "ᎹᎳᏫ ᎠᏕᎳ"
	},
	"MYR": {
		"name": "ᎹᎴᏏᎢᎠ ᎠᏕᎳ"
	},
	"MVR": {
		"name": "ᎹᎵᏗᏫᏍ ᎠᏕᎳ"
	},
	"MDL": {
		"name": "ᎹᎵᏙᏫᎠ ᎠᏕᎳ"
	},
	"MNT": {
		"name": "ᎹᏂᎪᎵᎠ ᎠᏕᎳ"
	},
	"MRU": {
		"name": "ᎹᏈᏔᏂᎠ ᎠᏕᎳ"
	},
	"MKD": {
		"name": "ᎹᏎᏙᏂᎠ ᎠᏕᎳ"
	},
	"MUR": {
		"name": "ᎹᏘᎢᏯ ᎠᏕᎳ"
	},
	"MMK": {
		"name": "ᎹᏯᎹᎵ ᎠᏕᎳ"
	},
	"MAD": {
		"name": "ᎼᎶᎪ ᎠᏕᎳ"
	},
	"MZN": {
		"name": "ᎼᏎᎻᏇᎩ ᎠᏕᎳ"
	},
	"NAD": {
		"name": "ᎾᎻᏈᎢᏯ ᎠᏕᎳ"
	},
	"ANG": {
		"name": "ᎾᏍᎩᏁᏛᎳᏂ ᎠᏂᏘᎵᏏ ᎠᏕᎳ"
	},
	"NPR": {
		"name": "ᏁᏆᎵ ᎠᏕᎳ"
	},
	"NIO": {
		"name": "ᏂᎧᎳᏆ ᎠᏕᎳ"
	},
	"NGN": {
		"name": "ᏂᏥᎵᏯ ᎠᏕᎳ"
	},
	"NOK": {
		"name": "ᏃᏪ ᎠᏕᎳ"
	},
	"PKR": {
		"name": "ᏆᎩᏍᏖᏂ ᎠᏕᎳ"
	},
	"BHD": {
		"name": "ᏆᎭᎴᎢᏂ ᎠᏕᎳ"
	},
	"BSD": {
		"name": "ᏆᎭᎹ ᎠᏕᎳ"
	},
	"PYG": {
		"name": "ᏆᎳᏇᎢᏯ ᎠᏕᎳ"
	},
	"PAB": {
		"name": "ᏆᎾᎹ ᎠᏕᎳ"
	},
	"BDT": {
		"name": "ᏆᏂᎦᎵᏕᏍ ᎠᏕᎳ"
	},
	"PGK": {
		"name": "ᏆᏇ ᎢᏤ ᎩᎢᏂ ᎠᏕᎳ"
	},
	"BBD": {
		"name": "ᏆᏇᏙᏍ ᎠᏕᎳ"
	},
	"BMD": {
		"name": "ᏆᏊᏓ ᎠᏕᎳ"
	},
	"BRL": {
		"name": "ᏆᏏᎵᎢ ᎠᏕᎳ",
		"symbol": "R$"
	},
	"GTQ": {
		"name": "ᏆᏖᎹᎳ ᎠᏕᎳ"
	},
	"BWP": {
		"name": "ᏆᏣᏩᎾ ᎠᏕᎳ"
	},
	"BYN": {
		"name": "ᏇᎳᎷᏍ ᎠᏕᎳ"
	},
	"BZD": {
		"name": "ᏇᎵᏍ ᎠᏕᎳ"
	},
	"PEN": {
		"name": "ᏇᎷ ᎠᏕᎳ"
	},
	"PLN": {
		"name": "ᏉᎳᏂ ᎠᏕᎳ"
	},
	"BOB": {
		"name": "ᏉᎵᏫᎠ ᎠᏕᎳ"
	},
	"BAM": {
		"name": "ᏉᏏᏂᎠ-ᎲᏤᎪᏫ ᎦᏁᏟᏴᏍᏔᏅ ᎠᏕᎳ"
	},
	"BGN": {
		"name": "ᏊᎵᎨᎵᎠ ᎠᏕᎳ"
	},
	"BND": {
		"name": "ᏊᎾᎢ ᎠᏕᎳ"
	},
	"BTN": {
		"name": "ᏊᏔᏂ ᎠᏕᎳ"
	},
	"BIF": {
		"name": "ᏋᎷᏂᏗ ᎠᏕᎳ"
	},
	"STN": {
		"name": "ᏌᎣᏙᎺ & ᏈᏂᏏᏇ ᎠᏕᎳ"
	},
	"SAR": {
		"name": "ᏌᎤᏗ ᎠᏕᎳ"
	},
	"WST": {
		"name": "ᏌᎼᎠ ᎠᏕᎳ"
	},
	"AED": {
		"name": "ᏌᏊ ᎢᏳᎾᎵᏍᏔᏅ ᎡᎳᏈ ᎢᎹᎵᏘᏏ ᎠᏕᎳ"
	},
	"LKR": {
		"name": "ᏍᎵ ᎳᏂᎧ ᎠᏕᎳ"
	},
	"MXN": {
		"name": "ᏍᏆᏂ ᎠᏕᎳ",
		"symbol": "MX$"
	},
	"SZL": {
		"name": "ᏍᏩᏏ ᎠᏕᎳ"
	},
	"CHF": {
		"name": "ᏍᏫᏏ ᎠᏕᎳ"
	},
	"SEK": {
		"name": "ᏍᏫᏕᏂ ᎠᏕᎳ"
	},
	"SLL": {
		"name": "ᏏᎡᎳᎴᎣᏂ ᎠᏕᎳ"
	},
	"SCR": {
		"name": "ᏏᎡᏥᎵᏍ ᎠᏕᎳ"
	},
	"SYP": {
		"name": "ᏏᎵᎠ ᎠᏕᎳ"
	},
	"ZMW": {
		"name": "ᏏᎻᏆᏇ ᎠᏕᎳ"
	},
	"SGD": {
		"name": "ᏏᏂᎦᏉᎵ ᎠᏕᎳ"
	},
	"SBD": {
		"name": "ᏐᎶᎹᏂ ᏚᎦᏚᏛᎢ ᎠᏕᎳ"
	},
	"SOS": {
		"name": "ᏐᎹᎵ ᎠᏕᎳ"
	},
	"SDG": {
		"name": "ᏑᏕᏂ ᎠᏕᎳ"
	},
	"SRD": {
		"name": "ᏒᎵᎾᎻ ᎠᏕᎳ"
	},
	"RSD": {
		"name": "ᏒᏈᏯ ᎠᏕᎳ"
	},
	"CNY": {
		"name": "ᏓᎶᏂᎨ ᎠᏕᎳ",
		"symbol": "CN¥"
	},
	"TOP": {
		"name": "ᏔᏂᎪ ᎠᏕᎳ"
	},
	"TJS": {
		"name": "ᏔᏥᎩᏍᏕᏂ ᎠᏕᎳ"
	},
	"THB": {
		"name": "ᏔᏯᎴᏂ ᎠᏕᎳ"
	},
	"DKK": {
		"name": "ᏕᏂᏍ ᎠᏕᎳ"
	},
	"TZS": {
		"name": "ᏖᏂᏏᏂᏯ ᎠᏕᎳ"
	},
	"XCD": {
		"name": "ᏗᎧᎸᎬ ᎨᏆᏙᏯ ᎠᏕᎳ",
		"symbol": "EC$"
	},
	"DOP": {
		"name": "ᏙᎻᏂᎧᏂ ᎠᏕᎳ"
	},
	"TND": {
		"name": "ᏚᏂᏏᏍᎠ ᎠᏕᎳ"
	},
	"TMT": {
		"name": "ᏛᎵᎩᎺᏂᏍᏔᏂ ᎠᏕᎳ"
	},
	"TTD": {
		"name": "ᏟᏂᏕᏗ & ᏙᏆᎪ ᎠᏕᎳ"
	},
	"GEL": {
		"name": "ᏣᎠᏥᎢ ᎠᏕᎳ"
	},
	"JMD": {
		"name": "ᏣᎺᎢᎧ ᎠᏕᎳ"
	},
	"JPY": {
		"name": "ᏣᏩᏂᏏ ᎠᏕᎳ",
		"symbol": "JP¥"
	},
	"CZK": {
		"name": "ᏤᎩ ᎠᏕᎳ"
	},
	"CLP": {
		"name": "ᏥᎵ ᎠᏕᎳ"
	},
	"GIP": {
		"name": "ᏥᏆᎵᏓ ᎠᏕᎳ"
	},
	"DJF": {
		"name": "ᏥᏊᏗ ᎠᏕᎳ"
	},
	"JOD": {
		"name": "ᏦᏓᏂ ᎠᏕᎳ"
	},
	"KRW": {
		"name": "ᏧᎦᎾᏮ ᎪᎵᎠ ᎠᏕᎳ",
		"symbol": "₩"
	},
	"ZAR": {
		"name": "ᏧᎦᎾᏮ ᎬᎿᎨᏍᏛ ᎠᏕᎳ"
	},
	"SSP": {
		"name": "ᏧᎦᎾᏮ ᏑᏕᏂ ᎠᏕᎳ"
	},
	"ISK": {
		"name": "ᏧᏁᏍᏓᎸᎯ ᎠᏕᎳ"
	},
	"KPW": {
		"name": "ᏧᏴᏢ ᎪᎵᎠ ᎠᏕᎳ"
	},
	"FKP": {
		"name": "ᏩᎩᎤ ᏚᎦᏚᏛᎢ ᎠᏕᎳ"
	},
	"VUV": {
		"name": "ᏩᏂᎤᏩᏚ ᎠᏕᎳ"
	},
	"VES": {
		"name": "ᏪᏁᏑᏪ ᎠᏕᎳ"
	},
	"VND": {
		"name": "ᏫᎡᏘᎾᎻᏍ ᎠᏕᎳ",
		"symbol": "₫"
	},
	"FJD": {
		"name": "ᏫᎩ ᎠᏕᎳ"
	},
	"XOF": {
		"name": "ᏭᏕᎵᎬ ᎬᎿᎨᏍᏛ CFA ᎠᏕᎳ",
		"symbol": "CFA"
	},
	"YER": {
		"name": "ᏰᎺᏂ ᎠᏕᎳ"
	},
	"RUB": {
		"name": "ᏲᏂᎢ ᎠᏕᎳ"
	},
	"UGX": {
		"name": "ᏳᎦᏂᏓ ᎠᏕᎳ"
	},
	"UAH": {
		"name": "ᏳᎧᎴᏂ ᎠᏕᎳ"
	},
	"EUR": {
		"name": "ᏳᎳᏛ ᎠᏕᎳ",
		"symbol": "€"
	},
	"UYU": {
		"name": "ᏳᎷᏇ ᎠᏕᎳ"
	},
	"XPF": {
		"name": "CFP ᎠᏕᎳ",
		"symbol": "CFPF"
	},
	"LSL": {
		"name": "Lesotho Loti"
	},
	"SVC": {
		"name": "Salvadoran Colón"
	},
	"UYW": {
		"name": "Uruguayan Nominal Wage Index Unit"
	},
	"USD": {
		"name": "US ᎠᏕᎳ",
		"symbol": "$"
	},
	"ZWL": {
		"name": "Zimbabwean Dollar (2009)"
	}
}