{
	"AFN": {
		"name": "afgán afghani"
	},
	"ALL": {
		"name": "albán lek"
	},
	"DZD": {
		"name": "algériai dínár"
	},
	"GBP": {
		"name": "angol font"
	},
	"AOA": {
		"name": "angolai kwanza"
	},
	"ARS": {
		"name": "argentin peso"
	},
	"AWG": {
		"name": "arubai florin"
	},
	"AUD": {
		"name": "ausztrál dollár"
	},
	"AZN": {
		"name": "azerbajdzsáni manat"
	},
	"BSD": {
		"name": "bahamai dollár"
	},
	"BHD": {
		"name": "bahreini dinár"
	},
	"BDT": {
		"name": "bangladesi taka"
	},
	"BBD": {
		"name": "barbadosi dollár"
	},
	"BZD": {
		"name": "belize-i dollár"
	},
	"BMD": {
		"name": "bermudai dollár"
	},
	"BTN": {
		"name": "bhutáni ngultrum"
	},
	"BGN": {
		"name": "bolgár új leva"
	},
	"BOB": {
		"name": "bolíviai boliviano"
	},
	"BAM": {
		"name": "bosznia-hercegovinai konvertibilis márka"
	},
	"BWP": {
		"name": "botswanai pula"
	},
	"BRL": {
		"name": "brazil real"
	},
	"BND": {
		"name": "brunei dollár"
	},
	"BIF": {
		"name": "burundi frank"
	},
	"CVE": {
		"name": "Cape Verde-i escudo"
	},
	"XOF": {
		"name": "CFA frank BCEAO",
		"symbol": "CFA"
	},
	"XAF": {
		"name": "CFA frank BEAC",
		"symbol": "FCFA"
	},
	"CLP": {
		"name": "chilei peso"
	},
	"KMF": {
		"name": "comorei frank"
	},
	"CRC": {
		"name": "Costa Rica-i colon"
	},
	"CZK": {
		"name": "cseh korona"
	},
	"XPF": {
		"name": "csendes-óceáni valutaközösségi frank",
		"symbol": "CFPF"
	},
	"DKK": {
		"name": "dán korona"
	},
	"ZAR": {
		"name": "dél-afrikai rand"
	},
	"KRW": {
		"name": "dél-koreai won"
	},
	"SSP": {
		"name": "dél-szudáni font"
	},
	"DOP": {
		"name": "dominikai peso"
	},
	"DJF": {
		"name": "dzsibuti frank"
	},
	"AED": {
		"name": "EAE-dirham"
	},
	"EGP": {
		"name": "egyiptomi font"
	},
	"ERN": {
		"name": "eritreai nakfa"
	},
	"KPW": {
		"name": "észak-koreai won"
	},
	"ETB": {
		"name": "etiópiai birr"
	},
	"EUR": {
		"name": "euró"
	},
	"FKP": {
		"name": "falkland-szigeteki font"
	},
	"BYN": {
		"name": "fehérorosz rubel"
	},
	"FJD": {
		"name": "fidzsi dollár"
	},
	"PHP": {
		"name": "fülöp-szigeteki peso"
	},
	"GMD": {
		"name": "gambiai dalasi"
	},
	"GHS": {
		"name": "ghánai cedi"
	},
	"GIP": {
		"name": "gibraltári font"
	},
	"GEL": {
		"name": "grúz lari"
	},
	"GTQ": {
		"name": "guatemalai quetzal"
	},
	"GNF": {
		"name": "guineai frank"
	},
	"GYD": {
		"name": "guyanai dollár"
	},
	"HTG": {
		"name": "haiti gourde"
	},
	"HNL": {
		"name": "hodurasi lempira"
	},
	"ANG": {
		"name": "holland antilláki forint"
	},
	"HKD": {
		"name": "hongkongi dollár"
	},
	"HRK": {
		"name": "horvát kuna"
	},
	"INR": {
		"name": "indiai rúpia"
	},
	"IDR": {
		"name": "indonéz rúpia"
	},
	"IQD": {
		"name": "iraki dínár"
	},
	"IRR": {
		"name": "iráni rial"
	},
	"ISK": {
		"name": "izlandi korona"
	},
	"ILS": {
		"name": "izraeli új sékel"
	},
	"JMD": {
		"name": "jamaicai dollár"
	},
	"JPY": {
		"name": "japán jen",
		"symbol": "¥"
	},
	"YER": {
		"name": "jemeni rial"
	},
	"JOD": {
		"name": "jordániai dínár"
	},
	"KYD": {
		"name": "kajmán-szigeteki dollár"
	},
	"KHR": {
		"name": "kambodzsai riel"
	},
	"CAD": {
		"name": "kanadai dollár"
	},
	"QAR": {
		"name": "katari rial"
	},
	"KZT": {
		"name": "kazahsztáni tenge"
	},
	"XCD": {
		"name": "kelet-karibi dollár"
	},
	"KES": {
		"name": "kenyai shilling"
	},
	"CNY": {
		"name": "kínai jüan"
	},
	"KGS": {
		"name": "kirgizisztáni szom"
	},
	"COP": {
		"name": "kolumbiai peso"
	},
	"CDF": {
		"name": "kongói frank"
	},
	"CUC": {
		"name": "kubai konvertibilis peso"
	},
	"CUP": {
		"name": "kubai peso"
	},
	"KWD": {
		"name": "kuvaiti dínár"
	},
	"LAK": {
		"name": "laoszi kip"
	},
	"PLN": {
		"name": "lengyel zloty"
	},
	"LSL": {
		"name": "Lesothoi loti"
	},
	"LBP": {
		"name": "libanoni font"
	},
	"LRD": {
		"name": "libériai dollár"
	},
	"LYD": {
		"name": "líbiai dínár"
	},
	"MKD": {
		"name": "macedon dínár"
	},
	"MGA": {
		"name": "madagaszkári ariary"
	},
	"HUF": {
		"name": "magyar forint",
		"symbol": "Ft"
	},
	"MOP": {
		"name": "makaói pataca"
	},
	"MYR": {
		"name": "malajziai ringgit"
	},
	"MWK": {
		"name": "malawi kwacha"
	},
	"MVR": {
		"name": "maldív-szigeteki rufiyaa"
	},
	"MAD": {
		"name": "marokkói dirham"
	},
	"MRU": {
		"name": "mauritániai ouguiya"
	},
	"MUR": {
		"name": "mauritiusi rúpia"
	},
	"MXN": {
		"name": "mexikói peso"
	},
	"MMK": {
		"name": "mianmari kyat"
	},
	"MDL": {
		"name": "moldován lei"
	},
	"MNT": {
		"name": "mongóliai tugrik"
	},
	"MZN": {
		"name": "mozambiki metikális"
	},
	"NAD": {
		"name": "namíbiai dollár"
	},
	"NPR": {
		"name": "nepáli rúpia"
	},
	"NIO": {
		"name": "nicaraguai córdoba"
	},
	"NGN": {
		"name": "nigériai naira"
	},
	"NOK": {
		"name": "norvég korona"
	},
	"WST": {
		"name": "nyugat-szamoai tala"
	},
	"OMR": {
		"name": "ománi rial"
	},
	"RUB": {
		"name": "orosz rubel"
	},
	"AMD": {
		"name": "örmény dram"
	},
	"PKR": {
		"name": "pakisztáni rúpia"
	},
	"PAB": {
		"name": "panamai balboa"
	},
	"PGK": {
		"name": "pápua új-guineai kina"
	},
	"PYG": {
		"name": "paraguayi guarani"
	},
	"PEN": {
		"name": "perui sol"
	},
	"RON": {
		"name": "román lej"
	},
	"RWF": {
		"name": "ruandai frank"
	},
	"SBD": {
		"name": "salamon-szigeteki dollár"
	},
	"SVC": {
		"name": "Salvadori colón"
	},
	"STN": {
		"name": "São Tomé és Príncipe-i dobra"
	},
	"SCR": {
		"name": "seychelle-szigeteki rúpia"
	},
	"SLL": {
		"name": "Sierra Leone-i leone"
	},
	"LKR": {
		"name": "Srí Lanka-i rúpia"
	},
	"SRD": {
		"name": "suriname-i dollár"
	},
	"CHF": {
		"name": "svájci frank"
	},
	"SEK": {
		"name": "svéd korona"
	},
	"SAR": {
		"name": "szaúdi riyal"
	},
	"SHP": {
		"name": "Szent Ilona-i font"
	},
	"RSD": {
		"name": "szerb dínár"
	},
	"SGD": {
		"name": "szingapúri dollár"
	},
	"SYP": {
		"name": "szíriai font"
	},
	"SOS": {
		"name": "szomáli shilling"
	},
	"SDG": {
		"name": "szudáni font"
	},
	"SZL": {
		"name": "szváziföldi lilangeni"
	},
	"TJS": {
		"name": "tádzsikisztáni somoni"
	},
	"TWD": {
		"name": "tajvani új dollár"
	},
	"TZS": {
		"name": "tanzániai shilling"
	},
	"THB": {
		"name": "thai baht"
	},
	"TOP": {
		"name": "tongai paanga"
	},
	"TRY": {
		"name": "török líra"
	},
	"TTD": {
		"name": "Trinidad és Tobago-i dollár"
	},
	"TND": {
		"name": "tunéziai dínár"
	},
	"TMT": {
		"name": "türkmenisztáni manat"
	},
	"UGX": {
		"name": "ugandai shilling"
	},
	"NZD": {
		"name": "új-zélandi dollár"
	},
	"UAH": {
		"name": "ukrán hrivnya"
	},
	"UYU": {
		"name": "uruguay-i peso"
	},
	"UYW": {
		"name": "Uruguayan Nominal Wage Index Unit"
	},
	"USD": {
		"name": "USA-dollár"
	},
	"UZS": {
		"name": "üzbegisztáni szum"
	},
	"VUV": {
		"name": "vanuatui vatu"
	},
	"VES": {
		"name": "venezuelai bolivar"
	},
	"VND": {
		"name": "vietnami dong"
	},
	"ZMW": {
		"name": "zambiai kwacha"
	},
	"ZWL": {
		"name": "Zimbabwei dollár (2009)"
	}
}