{
	"AFN": {
		"name": "Afghani Afganistan"
	},
	"MGA": {
		"name": "Ariary Malagasi"
	},
	"BHD": {
		"name": "Bahrain Dinar"
	},
	"THB": {
		"name": "Baht Thai"
	},
	"PAB": {
		"name": "Balboa Panama"
	},
	"ETB": {
		"name": "Birr Ethiopia"
	},
	"VES": {
		"name": "Bolivar Venezuela"
	},
	"BOB": {
		"name": "Boliviano Bolivia"
	},
	"GHS": {
		"name": "Cedi Ghana"
	},
	"XOF": {
		"name": "CFA Franc Afrika Kulon",
		"symbol": "CFA"
	},
	"XAF": {
		"name": "CFA Franc Afrika Tengah",
		"symbol": "FCFA"
	},
	"CRC": {
		"name": "Colon Kosta Rika"
	},
	"NIO": {
		"name": "Cordoba Nikaragua"
	},
	"GMD": {
		"name": "Dalasi Gambia"
	},
	"MKD": {
		"name": "Denar Masedonia"
	},
	"DZD": {
		"name": "Dinar Algeria"
	},
	"IQD": {
		"name": "Dinar Irak"
	},
	"KWD": {
		"name": "Dinar Kuwait"
	},
	"LYD": {
		"name": "Dinar Libya"
	},
	"RSD": {
		"name": "Dinar Serbia"
	},
	"TND": {
		"name": "Dinar Tunisia"
	},
	"JOD": {
		"name": "Dinar Yordania"
	},
	"MAD": {
		"name": "Dirham Maroko"
	},
	"AED": {
		"name": "Dirham Uni Emirat Arab"
	},
	"STN": {
		"name": "Dobra Sao Tome lan Principe"
	},
	"USD": {
		"name": "Dolar Amerika Serikat",
		"symbol": "US$"
	},
	"TWD": {
		"name": "Dolar Anyar Taiwan",
		"symbol": "NT$"
	},
	"AUD": {
		"name": "Dolar Australia",
		"symbol": "A$"
	},
	"BSD": {
		"name": "Dolar Bahamian"
	},
	"BBD": {
		"name": "Dolar Barbadian"
	},
	"BZD": {
		"name": "Dolar Belise"
	},
	"BMD": {
		"name": "Dolar Bermuda"
	},
	"BND": {
		"name": "Dolar Brunai"
	},
	"FJD": {
		"name": "Dolar Fiji"
	},
	"GYD": {
		"name": "Dolar Guyana"
	},
	"HKD": {
		"name": "Dolar Hong Kong",
		"symbol": "HK$"
	},
	"JMD": {
		"name": "Dolar Jamaika"
	},
	"CAD": {
		"name": "Dolar Kanada",
		"symbol": "CA$"
	},
	"XCD": {
		"name": "Dolar Karibia Wetan",
		"symbol": "EC$"
	},
	"KYD": {
		"name": "Dolar Kepuloan Caiman"
	},
	"SBD": {
		"name": "Dolar Kepuloan Solomon"
	},
	"LRD": {
		"name": "Dolar Liberia"
	},
	"NAD": {
		"name": "Dolar Namibia"
	},
	"NZD": {
		"name": "Dolar Selandia Anyar",
		"symbol": "NZ$"
	},
	"SGD": {
		"name": "Dolar Singapura"
	},
	"SRD": {
		"name": "Dolar Suriname"
	},
	"TTD": {
		"name": "Dolar Trinidad lan Tobago"
	},
	"VND": {
		"name": "Dong Vietnam",
		"symbol": "₫"
	},
	"AMD": {
		"name": "Dram Armenia"
	},
	"CVE": {
		"name": "Escudo Tanjung Verde"
	},
	"EUR": {
		"name": "Euro",
		"symbol": "€"
	},
	"AWG": {
		"name": "Florin Aruban"
	},
	"HUF": {
		"name": "Forint Hungaria"
	},
	"BIF": {
		"name": "Franc Burundi"
	},
	"XPF": {
		"name": "Franc CFP",
		"symbol": "CFPF"
	},
	"DJF": {
		"name": "Franc Djibouti"
	},
	"GNF": {
		"name": "Franc Guinea"
	},
	"KMF": {
		"name": "Franc Komoro"
	},
	"CDF": {
		"name": "Franc Kongo"
	},
	"RWF": {
		"name": "Franc Rwanda"
	},
	"CHF": {
		"name": "Franc Swiss"
	},
	"HTG": {
		"name": "Gourde Haiti"
	},
	"PYG": {
		"name": "Guarani Paraguay"
	},
	"ANG": {
		"name": "Guilder Antilla Walanda"
	},
	"UAH": {
		"name": "Hryvnia Ukrania"
	},
	"PGK": {
		"name": "Kina Papua Nugini"
	},
	"LAK": {
		"name": "Kip Laos"
	},
	"CZK": {
		"name": "Koruna Czech"
	},
	"ISK": {
		"name": "Krona Islandia"
	},
	"SEK": {
		"name": "Krona Swedia"
	},
	"DKK": {
		"name": "Krone Denmark"
	},
	"NOK": {
		"name": "Krone Norwegia"
	},
	"HRK": {
		"name": "Kuna Kroasia"
	},
	"MWK": {
		"name": "Kwacha Malawi"
	},
	"ZMW": {
		"name": "Kwacha Sambia"
	},
	"AOA": {
		"name": "Kwanza Angola"
	},
	"MMK": {
		"name": "Kyat Myanmar"
	},
	"GEL": {
		"name": "Lari Georgia"
	},
	"ALL": {
		"name": "Lek Albania"
	},
	"HNL": {
		"name": "Lempira Honduras"
	},
	"SLL": {
		"name": "Leone Sierra Leone"
	},
	"LSL": {
		"name": "Lesotho Loti"
	},
	"MDL": {
		"name": "Leu Moldova"
	},
	"RON": {
		"name": "Leu Rumania"
	},
	"BGN": {
		"name": "Lev Bulgaria"
	},
	"SZL": {
		"name": "Lilangeni Swasi"
	},
	"TRY": {
		"name": "Lira Turki"
	},
	"AZN": {
		"name": "Manat Azerbaijan"
	},
	"TMT": {
		"name": "Manat Turmenistan"
	},
	"BAM": {
		"name": "Mark Konvertibel Bosnia-Herzegovina"
	},
	"MZN": {
		"name": "Metical Mosambik"
	},
	"NGN": {
		"name": "Naira Nigeria"
	},
	"ERN": {
		"name": "Nakfa Eritrea"
	},
	"BTN": {
		"name": "Ngultrum Bhutan"
	},
	"MRU": {
		"name": "Ouguiya Mauritania"
	},
	"TOP": {
		"name": "Paʻanga Tonga"
	},
	"MOP": {
		"name": "Pataca Macau"
	},
	"ARS": {
		"name": "Peso Argentina"
	},
	"CLP": {
		"name": "Peso Chili"
	},
	"DOP": {
		"name": "Peso Dominika"
	},
	"COP": {
		"name": "Peso Kolumbia"
	},
	"CUC": {
		"name": "Peso Konvertibel Kuba"
	},
	"CUP": {
		"name": "Peso Kuba"
	},
	"MXN": {
		"name": "Peso Meksiko",
		"symbol": "MX$"
	},
	"UYU": {
		"name": "Peso Uruguay"
	},
	"PHP": {
		"name": "Piso Filipina"
	},
	"GIP": {
		"name": "Pound Gibraltar"
	},
	"GBP": {
		"name": "Pound Inggris",
		"symbol": "£"
	},
	"FKP": {
		"name": "Pound Kepuloan Falkland"
	},
	"LBP": {
		"name": "Pound Libanon"
	},
	"EGP": {
		"name": "Pound Mesir"
	},
	"SHP": {
		"name": "Pound Santa Helena"
	},
	"SYP": {
		"name": "Pound Siria"
	},
	"SDG": {
		"name": "Pound Sudan"
	},
	"SSP": {
		"name": "Pound Sudan Kidul"
	},
	"BWP": {
		"name": "Pula Botswana"
	},
	"GTQ": {
		"name": "Quetzal Guatemala"
	},
	"ZAR": {
		"name": "Rand Afrika Kidul"
	},
	"BRL": {
		"name": "Real Brasil",
		"symbol": "R$"
	},
	"IRR": {
		"name": "Rial Iran"
	},
	"OMR": {
		"name": "Rial Oman"
	},
	"QAR": {
		"name": "Rial Qatar"
	},
	"YER": {
		"name": "Rial Yaman"
	},
	"KHR": {
		"name": "Riel Kamboja"
	},
	"MYR": {
		"name": "Ringgit Malaysia"
	},
	"SAR": {
		"name": "Riyal Saudi"
	},
	"RUB": {
		"name": "Rubel Rusia"
	},
	"BYN": {
		"name": "Ruble Belarusia"
	},
	"MVR": {
		"name": "Rufiyaa Maladewa"
	},
	"INR": {
		"name": "Rupee India",
		"symbol": "₹"
	},
	"MUR": {
		"name": "Rupee Mauritius"
	},
	"NPR": {
		"name": "Rupee Nepal"
	},
	"PKR": {
		"name": "Rupee Pakistan"
	},
	"SCR": {
		"name": "Rupee Seichelles"
	},
	"LKR": {
		"name": "Rupee Sri Lanka"
	},
	"IDR": {
		"name": "Rupiah Indonesia",
		"symbol": "Rp"
	},
	"SVC": {
		"name": "Salvadoran Colón"
	},
	"ILS": {
		"name": "Shekel Anyar Israel",
		"symbol": "₪"
	},
	"KES": {
		"name": "Shilling Kenya"
	},
	"SOS": {
		"name": "Shilling Somalia"
	},
	"TZS": {
		"name": "Shilling Tansania"
	},
	"UGX": {
		"name": "Shilling Uganda"
	},
	"PEN": {
		"name": "Sol Peru"
	},
	"KGS": {
		"name": "Som Kirgistan"
	},
	"UZS": {
		"name": "Som Usbekistan"
	},
	"TJS": {
		"name": "Somoni Tajikistan"
	},
	"BDT": {
		"name": "Taka Bangladesh"
	},
	"WST": {
		"name": "Tala Samoa"
	},
	"KZT": {
		"name": "Tenge Kasakhstan"
	},
	"MNT": {
		"name": "Tugrik Mongol"
	},
	"UYW": {
		"name": "Uruguayan Nominal Wage Index Unit"
	},
	"VUV": {
		"name": "Vatu Vanuatu"
	},
	"KRW": {
		"name": "Won Korea Kidul",
		"symbol": "₩"
	},
	"KPW": {
		"name": "Won Korea Lor"
	},
	"JPY": {
		"name": "Yen Jepang",
		"symbol": "JP¥"
	},
	"CNY": {
		"name": "Yuan Cina",
		"symbol": "CN¥"
	},
	"ZWL": {
		"name": "Zimbabwean Dollar (2009)"
	},
	"PLN": {
		"name": "Zloty Polandia"
	}
}