{
	"AFN": {
		"name": "Afegani do Afeganistão"
	},
	"MGA": {
		"name": "ariari malgaxe"
	},
	"THB": {
		"name": "Baht da Tailândia",
		"symbol": "฿"
	},
	"PAB": {
		"name": "balboa do Panamá"
	},
	"ETB": {
		"name": "birr etíope"
	},
	"VES": {
		"name": "bolívar"
	},
	"BOB": {
		"name": "boliviano"
	},
	"GHS": {
		"name": "cedi ganês"
	},
	"SVC": {
		"name": "Colom salvadorenho"
	},
	"CRC": {
		"name": "colon costa-riquenho"
	},
	"NIO": {
		"name": "córdoba nicaraguano"
	},
	"CZK": {
		"name": "coroa checa"
	},
	"DKK": {
		"name": "coroa dinamarquesa"
	},
	"ISK": {
		"name": "coroa islandesa"
	},
	"NOK": {
		"name": "coroa norueguesa"
	},
	"SEK": {
		"name": "coroa sueca"
	},
	"GMD": {
		"name": "dalasi gambiano"
	},
	"DZD": {
		"name": "dinar argelino"
	},
	"BHD": {
		"name": "Dinar baremita"
	},
	"IQD": {
		"name": "Dinar iraquiano"
	},
	"JOD": {
		"name": "Dinar jordaniano"
	},
	"KWD": {
		"name": "Dinar kuwaitiano"
	},
	"LYD": {
		"name": "dinar líbio"
	},
	"MKD": {
		"name": "dinar macedónio"
	},
	"RSD": {
		"name": "dinar sérvio"
	},
	"TND": {
		"name": "dinar tunisino"
	},
	"AED": {
		"name": "Dirham dos Emirados Árabes Unidos"
	},
	"MAD": {
		"name": "dirham marroquino"
	},
	"STN": {
		"name": "dobra de São Tomé e Príncipe"
	},
	"AUD": {
		"name": "Dólar australiano",
		"symbol": "AU$"
	},
	"BBD": {
		"name": "dólar barbadense"
	},
	"BZD": {
		"name": "dólar belizense"
	},
	"BMD": {
		"name": "dólar bermudense"
	},
	"BND": {
		"name": "Dólar bruneíno"
	},
	"CAD": {
		"name": "dólar canadiano",
		"symbol": "CA$"
	},
	"GYD": {
		"name": "dólar da Guiana"
	},
	"NAD": {
		"name": "Dólar da Namíbia"
	},
	"BSD": {
		"name": "dólar das Bahamas"
	},
	"XCD": {
		"name": "Dólar das Caraíbas Orientais",
		"symbol": "EC$"
	},
	"KYD": {
		"name": "Dólar das Ilhas Caimão"
	},
	"SBD": {
		"name": "Dólar das Ilhas Salomão"
	},
	"FJD": {
		"name": "Dólar de Fiji"
	},
	"HKD": {
		"name": "Dólar de Hong Kong",
		"symbol": "HK$"
	},
	"SGD": {
		"name": "Dólar de Singapura"
	},
	"TTD": {
		"name": "Dólar de Trindade e Tobago"
	},
	"SRD": {
		"name": "dólar do Suriname"
	},
	"ZWL": {
		"name": "Dólar do Zimbábue (2009)"
	},
	"USD": {
		"name": "dólar dos Estados Unidos",
		"symbol": "US$"
	},
	"JMD": {
		"name": "Dólar jamaicano"
	},
	"LRD": {
		"name": "dólar liberiano"
	},
	"NZD": {
		"name": "Dólar neozelandês",
		"symbol": "NZ$"
	},
	"VND": {
		"name": "Dong vietnamita",
		"symbol": "₫"
	},
	"AMD": {
		"name": "Dram arménio"
	},
	"CVE": {
		"name": "escudo cabo-verdiano"
	},
	"EUR": {
		"name": "euro",
		"symbol": "€"
	},
	"ANG": {
		"name": "Florim das Antilhas Holandesas"
	},
	"AWG": {
		"name": "florim de Aruba"
	},
	"HUF": {
		"name": "forint húngaro"
	},
	"BIF": {
		"name": "franco burundiano"
	},
	"XOF": {
		"name": "franco CFA (BCEAO)",
		"symbol": "CFA"
	},
	"XAF": {
		"name": "franco CFA (BEAC)",
		"symbol": "FCFA"
	},
	"XPF": {
		"name": "Franco CFP",
		"symbol": "CFPF"
	},
	"KMF": {
		"name": "franco comoriano"
	},
	"CDF": {
		"name": "franco congolês"
	},
	"GNF": {
		"name": "franco guineense"
	},
	"DJF": {
		"name": "franco jibutiano"
	},
	"RWF": {
		"name": "franco ruandês"
	},
	"CHF": {
		"name": "franco suíço"
	},
	"HTG": {
		"name": "Gourde haitiano"
	},
	"PYG": {
		"name": "guarani paraguaio"
	},
	"UAH": {
		"name": "hryvnia ucraniano"
	},
	"JPY": {
		"name": "Iene japonês",
		"symbol": "JP¥"
	},
	"PGK": {
		"name": "Kina da Papua-Nova Guiné"
	},
	"LAK": {
		"name": "Kip de Laos"
	},
	"HRK": {
		"name": "kuna croata"
	},
	"MWK": {
		"name": "kwacha malauiano"
	},
	"ZMW": {
		"name": "Kwacha zambiano"
	},
	"AOA": {
		"name": "kwanza angolano"
	},
	"MMK": {
		"name": "Kyat de Mianmar"
	},
	"GEL": {
		"name": "Lari georgiano"
	},
	"ALL": {
		"name": "lek albanês"
	},
	"HNL": {
		"name": "lempira das Honduras"
	},
	"SLL": {
		"name": "Leone de Serra Leoa"
	},
	"MDL": {
		"name": "leu moldavo"
	},
	"RON": {
		"name": "leu romeno"
	},
	"BGN": {
		"name": "lev búlgaro"
	},
	"FKP": {
		"name": "libra das Ilhas Falkland"
	},
	"GIP": {
		"name": "libra de Gibraltar"
	},
	"EGP": {
		"name": "libra egípcia"
	},
	"GBP": {
		"name": "libra esterlina britânica",
		"symbol": "£"
	},
	"LBP": {
		"name": "Libra libanesa"
	},
	"SHP": {
		"name": "libra santa-helenense"
	},
	"SYP": {
		"name": "Libra síria"
	},
	"SDG": {
		"name": "libra sudanesa"
	},
	"SSP": {
		"name": "libra sul-sudanesa"
	},
	"SZL": {
		"name": "Lilangeni da Suazilândia"
	},
	"TRY": {
		"name": "Lira turca"
	},
	"LSL": {
		"name": "Loti do Lesoto"
	},
	"AZN": {
		"name": "Manat do Azerbaijão"
	},
	"TMT": {
		"name": "Manat do Turquemenistão"
	},
	"BAM": {
		"name": "marco bósnio-herzegóvino conversível"
	},
	"MZN": {
		"name": "metical moçambicano"
	},
	"NGN": {
		"name": "Naira nigeriana"
	},
	"ERN": {
		"name": "nakfa eritreia"
	},
	"BTN": {
		"name": "Ngultrum do Butão"
	},
	"TWD": {
		"name": "Novo dólar taiwanês",
		"symbol": "NT$"
	},
	"MRU": {
		"name": "ouguiya mauritana"
	},
	"TOP": {
		"name": "Paʻanga de Tonga"
	},
	"MOP": {
		"name": "Pataca de Macau"
	},
	"ARS": {
		"name": "peso argentino"
	},
	"CLP": {
		"name": "peso chileno"
	},
	"COP": {
		"name": "peso colombiano"
	},
	"CUP": {
		"name": "peso cubano"
	},
	"CUC": {
		"name": "peso cubano conversível"
	},
	"DOP": {
		"name": "Peso dominicano"
	},
	"PHP": {
		"name": "Peso filipino"
	},
	"MXN": {
		"name": "peso mexicano",
		"symbol": "MX$"
	},
	"UYU": {
		"name": "peso uruguaio"
	},
	"BWP": {
		"name": "Pula de Botswana"
	},
	"GTQ": {
		"name": "quetzal da Guatemala"
	},
	"ZAR": {
		"name": "Rand sul-africano"
	},
	"BRL": {
		"name": "real brasileiro",
		"symbol": "R$"
	},
	"OMR": {
		"name": "Rial de Omã"
	},
	"QAR": {
		"name": "Rial do Catar"
	},
	"YER": {
		"name": "Rial iemenita"
	},
	"IRR": {
		"name": "Rial iraniano"
	},
	"SAR": {
		"name": "Rial saudita"
	},
	"KHR": {
		"name": "Riel cambojano"
	},
	"MYR": {
		"name": "Ringgit malaio"
	},
	"BYN": {
		"name": "rublo bielorrusso"
	},
	"RUB": {
		"name": "rublo russo"
	},
	"MVR": {
		"name": "Rupia das Ilhas Maldivas"
	},
	"LKR": {
		"name": "Rupia do Sri Lanka"
	},
	"INR": {
		"name": "Rupia indiana",
		"symbol": "₹"
	},
	"IDR": {
		"name": "Rupia indonésia"
	},
	"MUR": {
		"name": "rupia mauriciana"
	},
	"NPR": {
		"name": "Rupia nepalesa"
	},
	"PKR": {
		"name": "Rupia paquistanesa"
	},
	"SCR": {
		"name": "rupia seichelense"
	},
	"ILS": {
		"name": "Sheqel novo israelita",
		"symbol": "₪"
	},
	"PEN": {
		"name": "sol peruano"
	},
	"KGS": {
		"name": "Som do Quirguistão"
	},
	"UZS": {
		"name": "Som do Uzbequistão"
	},
	"TJS": {
		"name": "Somoni do Tajaquistão"
	},
	"BDT": {
		"name": "Taka de Bangladesh"
	},
	"WST": {
		"name": "Tala samoano"
	},
	"KZT": {
		"name": "Tenge do Cazaquistão"
	},
	"MNT": {
		"name": "Tugrik da Mongólia"
	},
	"UYW": {
		"name": "Uruguayan Nominal Wage Index Unit"
	},
	"VUV": {
		"name": "Vatu de Vanuatu"
	},
	"KPW": {
		"name": "Won norte-coreano"
	},
	"KRW": {
		"name": "Won sul-coreano",
		"symbol": "₩"
	},
	"KES": {
		"name": "xelim queniano"
	},
	"SOS": {
		"name": "xelim somali"
	},
	"TZS": {
		"name": "Xelim tanzaniano"
	},
	"UGX": {
		"name": "Xelim ugandense"
	},
	"CNY": {
		"name": "yuan",
		"symbol": "CN¥"
	},
	"PLN": {
		"name": "zloti polaco"
	}
}