{
	"AUD": {
		"name": "австралійський долар"
	},
	"AZN": {
		"name": "азербайджанський манат"
	},
	"ALL": {
		"name": "албанський лек"
	},
	"DZD": {
		"name": "алжирський динар"
	},
	"GBP": {
		"name": "англійський фунт"
	},
	"AOA": {
		"name": "ангольська кванза"
	},
	"ARS": {
		"name": "аргентинський песо"
	},
	"AWG": {
		"name": "арубський флорин"
	},
	"AFN": {
		"name": "афганський афгані"
	},
	"BSD": {
		"name": "багамський долар"
	},
	"BDT": {
		"name": "бангладеська така"
	},
	"BBD": {
		"name": "барбадоський долар"
	},
	"BHD": {
		"name": "бахрейнський динар"
	},
	"BZD": {
		"name": "белізький долар"
	},
	"BMD": {
		"name": "бермудський долар"
	},
	"BYN": {
		"name": "білоруський рубль"
	},
	"BGN": {
		"name": "болгарський лев"
	},
	"BOB": {
		"name": "болівійський болівіано"
	},
	"BWP": {
		"name": "ботсванська пула"
	},
	"BRL": {
		"name": "бразильський реал"
	},
	"BND": {
		"name": "брунейський долар"
	},
	"BIF": {
		"name": "бурундійський франк"
	},
	"BTN": {
		"name": "бутанський нгултрум"
	},
	"VUV": {
		"name": "вануатський вату"
	},
	"VES": {
		"name": "венесуельський болівар"
	},
	"AMD": {
		"name": "вірменський драм"
	},
	"VND": {
		"name": "вʼєтнамський донг"
	},
	"HTG": {
		"name": "гаїтянський гурд"
	},
	"GMD": {
		"name": "гамбійський даласі"
	},
	"GHS": {
		"name": "ганський седі"
	},
	"GYD": {
		"name": "гаянський долар"
	},
	"GTQ": {
		"name": "гватемальський кетсаль"
	},
	"GNF": {
		"name": "гвінейський франк"
	},
	"GIP": {
		"name": "гібралтарський фунт"
	},
	"HNL": {
		"name": "гондураська лемпіра"
	},
	"HKD": {
		"name": "гонконгський долар"
	},
	"GEL": {
		"name": "грузинський ларі"
	},
	"DKK": {
		"name": "данська крона"
	},
	"DJF": {
		"name": "джибутійський франк"
	},
	"AED": {
		"name": "дирхам ОАЕ"
	},
	"STN": {
		"name": "добра Сан-Томе і Прінсіпі"
	},
	"KYD": {
		"name": "долар Кайманових островів"
	},
	"SBD": {
		"name": "долар Соломонових Островів"
	},
	"USD": {
		"name": "долар США"
	},
	"TTD": {
		"name": "долар Трінідаду і Тобаґо"
	},
	"DOP": {
		"name": "домініканський песо"
	},
	"ERN": {
		"name": "еритрейська накфа"
	},
	"CVE": {
		"name": "ескудо Кабо-Верде"
	},
	"ETB": {
		"name": "ефіопський бир"
	},
	"EUR": {
		"name": "євро"
	},
	"EGP": {
		"name": "єгипетський фунт"
	},
	"YER": {
		"name": "єменський ріал"
	},
	"ZMW": {
		"name": "замбійська квача"
	},
	"XOF": {
		"name": "західноафриканський франк",
		"symbol": "CFA"
	},
	"ZWL": {
		"name": "зімбабвійський долар (2009)"
	},
	"ILS": {
		"name": "ізраїльський новий шекель"
	},
	"INR": {
		"name": "індійська рупія"
	},
	"IDR": {
		"name": "індонезійська рупія"
	},
	"IQD": {
		"name": "іракський динар"
	},
	"IRR": {
		"name": "іранський ріал"
	},
	"ISK": {
		"name": "ісландська крона"
	},
	"JOD": {
		"name": "йорданський динар"
	},
	"KZT": {
		"name": "казахстанський тенге"
	},
	"KHR": {
		"name": "камбоджійський рієль"
	},
	"CAD": {
		"name": "канадський долар"
	},
	"QAR": {
		"name": "катарський ріал"
	},
	"KES": {
		"name": "кенійський шилінг"
	},
	"KGS": {
		"name": "киргизький сом"
	},
	"CNY": {
		"name": "китайський юань"
	},
	"PGK": {
		"name": "кіна Папуа-Нової Ґвінеї"
	},
	"COP": {
		"name": "колумбійський песо"
	},
	"KMF": {
		"name": "коморський франк"
	},
	"BAM": {
		"name": "конвертована марка Боснії і Герцеговини"
	},
	"CDF": {
		"name": "конголезький франк"
	},
	"CRC": {
		"name": "костариканський колон"
	},
	"CUC": {
		"name": "кубинський конвертований песо"
	},
	"CUP": {
		"name": "кубинський песо"
	},
	"KWD": {
		"name": "кувейтський динар"
	},
	"MMK": {
		"name": "кʼят Мʼянми"
	},
	"LAK": {
		"name": "лаоський кіп"
	},
	"SLL": {
		"name": "леоне Сьєрра-Леоне"
	},
	"LSL": {
		"name": "лесотський лоті"
	},
	"LRD": {
		"name": "ліберійський долар"
	},
	"LBP": {
		"name": "ліванський фунт"
	},
	"LYD": {
		"name": "лівійський динар"
	},
	"MUR": {
		"name": "маврикійська рупія"
	},
	"MRU": {
		"name": "мавританська угія"
	},
	"MKD": {
		"name": "македонський денар"
	},
	"MWK": {
		"name": "малавійська квача"
	},
	"MGA": {
		"name": "малагасійський аріарі"
	},
	"MYR": {
		"name": "малайзійський рингіт"
	},
	"MVR": {
		"name": "мальдівська руфія"
	},
	"MAD": {
		"name": "марокканський дирхам"
	},
	"MXN": {
		"name": "мексиканський песо"
	},
	"MZN": {
		"name": "мозамбіцький метикал"
	},
	"MDL": {
		"name": "молдовський лей"
	},
	"MNT": {
		"name": "монгольський тугрик"
	},
	"NAD": {
		"name": "намібійський долар"
	},
	"NPR": {
		"name": "непальська рупія"
	},
	"NGN": {
		"name": "нігерійська найра"
	},
	"ANG": {
		"name": "нідерландський антильський гульден"
	},
	"NIO": {
		"name": "нікарагуанська кордоба"
	},
	"TWD": {
		"name": "новий тайванський долар"
	},
	"NZD": {
		"name": "новозеландський долар"
	},
	"NOK": {
		"name": "норвезька крона"
	},
	"OMR": {
		"name": "оманський ріал"
	},
	"PKR": {
		"name": "пакистанська рупія"
	},
	"PAB": {
		"name": "панамське бальбоа"
	},
	"PYG": {
		"name": "парагвайський гуарані"
	},
	"MOP": {
		"name": "патака Макао"
	},
	"PEN": {
		"name": "перуанський новий сол"
	},
	"ZAR": {
		"name": "південноафриканський ранд"
	},
	"KRW": {
		"name": "південнокорейський вон"
	},
	"SSP": {
		"name": "південносуданський фунт"
	},
	"KPW": {
		"name": "північнокорейський вон"
	},
	"PLN": {
		"name": "польський злотий"
	},
	"RUB": {
		"name": "російський рубль"
	},
	"RWF": {
		"name": "руандійський франк"
	},
	"RON": {
		"name": "румунський лей"
	},
	"SVC": {
		"name": "сальвадорський колон"
	},
	"WST": {
		"name": "самоанська тала"
	},
	"SAR": {
		"name": "саудівський ріал"
	},
	"SZL": {
		"name": "свазілендський лілангені"
	},
	"SCR": {
		"name": "сейшельська рупія"
	},
	"RSD": {
		"name": "сербський динар"
	},
	"SYP": {
		"name": "сирійський фунт"
	},
	"SGD": {
		"name": "сінгапурський долар"
	},
	"SOS": {
		"name": "сомалійський шилінг"
	},
	"SDG": {
		"name": "суданський фунт"
	},
	"SRD": {
		"name": "суринамський долар"
	},
	"XCD": {
		"name": "східнокарибський долар"
	},
	"TJS": {
		"name": "таджицький сомоні"
	},
	"THB": {
		"name": "таїландський бат"
	},
	"TZS": {
		"name": "танзанійський шилінг"
	},
	"TOP": {
		"name": "тонґанська паанга"
	},
	"TND": {
		"name": "туніський динар"
	},
	"TRY": {
		"name": "турецька ліра"
	},
	"TMT": {
		"name": "туркменський манат"
	},
	"UGX": {
		"name": "угандійський шилінг"
	},
	"HUF": {
		"name": "угорський форинт"
	},
	"UZS": {
		"name": "узбецький сум"
	},
	"UAH": {
		"name": "українська гривня",
		"symbol": "₴"
	},
	"UYU": {
		"name": "уругвайський песо"
	},
	"FJD": {
		"name": "фіджійський долар"
	},
	"PHP": {
		"name": "філіппінський песо"
	},
	"XPF": {
		"name": "французький тихоокеанський франк",
		"symbol": "CFPF"
	},
	"SHP": {
		"name": "фунт острова Святої Єлени"
	},
	"FKP": {
		"name": "фунт Фолклендських островів"
	},
	"HRK": {
		"name": "хорватська куна"
	},
	"XAF": {
		"name": "центральноафриканський франк",
		"symbol": "FCFA"
	},
	"CZK": {
		"name": "чеська крона"
	},
	"CLP": {
		"name": "чилійський песо"
	},
	"SEK": {
		"name": "шведська крона"
	},
	"CHF": {
		"name": "швейцарський франк"
	},
	"LKR": {
		"name": "шрі-ланкійська рупія"
	},
	"JMD": {
		"name": "ямайський долар"
	},
	"JPY": {
		"name": "японська єна",
		"symbol": "¥"
	},
	"UYW": {
		"name": "Uruguayan Nominal Wage Index Unit"
	}
}